Name,Site or Profile,URL,Count,First publication,Last publication
Aaron Sambey,Aaron Sambey,https://www.aaronsambey.com/,2,2022-06-23,2022-07-04
Aleksander Torset Eriksen,Aleksander Torset Eriksen (Facebook),https://www.facebook.com/ateriksen,5,2020-06-17,2020-08-31
Alex Coghe,Alex Coghe Photojournalist,https://alexcoghe.com/,1,2021-05-02,2021-05-02
Alex Gibson,Leicester Collective,https://leicestercollective.com/,2,2021-02-15,2021-02-20
Alik Griffin,Alik Griffin,https://alikgriffin.com/,1,2020-09-04,2020-09-04
Anders Lindborg,Anders Lindborg Photography,https://www.anderslindborg.com,7,2020-06-14,2022-12-28
Andrei Dima,Andrei Dima,https://andreidima.com/,2,2021-12-04,2021-12-18
Andrew Fordyce,fordycephotographynz (Instagram),https://www.instagram.com/fordycephotographynz/,1,2021-10-04,2021-10-04
Andrew Livelsberger,visualohio (instagram),https://www.instagram.com/visualohio/,3,2021-10-04,2021-10-04
Andrew and Dani Livelsberger,Best Light Photo,https://bestlightphotoblog.wordpress.com,2,2019-07-15,2019-08-13
Andrew and Denae,Utah Portrait Photography,https://denaeandandrew.com,1,2020-05-18,2020-05-18
Antonis Deligiannis,tonydeli7 (instagram),https://www.instagram.com/tonydeli7/,1,2021-10-01,2021-10-01
Aurimas Povilionis,aurimaspovilionis.art (Instagram),https://www.instagram.com/aurimaspovilionis.art,1,2021-10-17,2021-10-17
Bernd Mieger,unkown,,2,2021-09-30,2021-09-30
Bryan and Ezra,The Broketographers,https://www.thebroketographers.com/blog/,3,2017-05-08,2017-09-25
Calin Stan,Călin Stan (Face nook),https://www.facebook.com/calinstan,2,2022-09-21,2022-09-25
Cameron Mackey,Cameron Mackey Photography,https://www.cammacky.com/,2,2021-06-10,2021-06-10
Cezar Niculescu,Cezar Niculescu (facebook),https://www.facebook.com/cezar.black,3,2022-01-14,2022-07-25
Charles-Antoine Asselin,Crawnical,https://www.crawnical.com,1,2020-08-21,2020-08-21
ChatGPT,The Chat GPT,,2,2023-06-15,2023-06-15
Clifton Beard,Atrax Photo,https://cliftonbeard.zenfolio.com,6,2013-05-31,2013-05-31
Colin Bissessar,Colin Bissessar (facebook),https://www.facebook.com/groups/462731297942138/user/607800515/,1,2022-06-19,2022-06-19
Corey Steib,Fuji Street Shooter,https://www.instagram.com/fuji_streetshooter/,1,2021-06-07,2021-06-07
Craig Bergonzoni,Craig Bergonzoni - Filmmaker Photographer,https://craigbergonzoniblog.com/,28,2020-08-04,2023-01-27
Dan Bailey,Dan Bailey Photo,https://danbaileyphoto.com/blog/,1,2020-08-05,2020-08-05
Dane Frias,Dane Frias (Facebook),https://www.facebook.com/friasdane,1,2020-05-04,2020-05-04
Daniel Bencic,unkown,,1,2021-12-01,2021-12-01
David Davis,Shuttergang,https://shuttergang.com/,5,2022-04-10,2022-04-29
David Houis,David Houis (Facebook),https://www.facebook.com/XxDavidHouisxX,1,2023-03-04,2023-03-04
David Muller,D.j. Muller (intagram djmullerza),https://www.instagram.com/djmullerza/,1,2021-07-13,2021-07-13
David Szweduik,Usually Dave,https://usuallydave.com/,1,2019-10-31,2019-10-31
David Whittley,davidwhittley (instagram),https://www.instagram.com/davidwhittley,2,2021-08-20,2021-09-10
Derek Clark,Derek Clark Photography,https://www.derekclarkphotography.com/blog/,3,2016-05-23,2016-09-26
Dom Caligan,domcaligan (Instagram),https://www.instagram.com/domcaligan/,2,2021-08-19,2021-09-11
Drew McDonald,dmcd.snap (Instagram),https://www.instagram.com/dmcd.snaps/,1,2021-09-30,2021-09-30
Dronology Films,Dronology Films (Youtube),https://www.youtube.com/channel/UCodp09xPULm76Kb8ST-5qZA,1,2021-06-29,2021-06-29
Elio Rivero,Elio,https://elio.blog,1,2018-11-05,2018-11-05
Eric Anderson,Special Edition Art Project,https://specialeditionartproject.com/,2,2021-10-01,2021-10-01
Eric Manten,Manten Photography,https://www.mantenphotography.com/blog,2,2019-02-21,2019-02-21
Eyw Fung,E. Fung Photoblog,https://my.fujifilmrecipes.com/,5,2021-04-10,2021-06-07
Gajan Balan,Gajan Balan (Youtube),https://www.youtube.com/user/DRJ0K3R,13,2020-03-24,2020-03-24
Gary Quinn ,GQ Glasgow Photography,https://gqglasgow.wordpress.com/,1,2020-08-25,2020-08-25
Grant Teng,Grant Teng (Facebook),https://www.facebook.com/grant.teng.3,3,2022-09-10,2022-11-06
Helen Fennell,Helen Fennell Photography,https://www.helenfennell.com/blog,3,2017-12-17,2017-12-17
Hendrik Hazeu,HendriXimages,https://www.hendriximages.com/blog,2,2017-01-29,2019-03-03
Immanuel Sander,CAPTN LOOK,https://www.captnlook.com/recipes,24,2019-07-01,2023-09-01
Ivan Cheam,Ivanyolo,https://www.ivanyolo.com/,27,2021-05-12,2022-01-19
Jacob van der Sloot,Jacob van der Sloot (Facebook),https://www.facebook.com/jacob.vandersloot.5,1,2021-07-14,2021-07-14
James Clinich,James Clinich (facebook),https://www.facebook.com/james.clinich,2,2020-08-05,2020-08-30
Jamie Chance,Jamiechancetravels,https://www.jamiechancetravels.com,12,2018-06-19,2022-01-25
JayRegular, (Youtube),https://www.youtube.com/c/JayRegular/featured,6,2020-11-01,2020-11-01
Jean-Pascal Remon,The Most Beautiful World,https://themostbeautifulworld.com/,1,2019-10-31,2019-10-31
Jerred Zegelis,Jerredz,https://jerredz.com/,1,2022-09-28,2022-09-28
Jeremy Hembree,Jeremy Hembree (Facebook),https://www.facebook.com/groups/2697473450523901/user/100000054973108/,1,2021-07-17,2021-07-17
Joe Allam,Joe Allam (Youtube),https://www.youtube.com/channel/UCgaqvHn_b2LX3uHXl3C-xhA,1,2021-06-02,2021-06-02
Joe D'Agostino,Joe D'Agostino | Photography,https://www.josephdagostinophotography.com/,8,2021-01-30,2021-02-16
John Armstrong,John Armstrong Photography (youtube),https://www.youtube.com/c/JohnArmstrongPhotography,2,2020-09-06,2020-09-06
John Feinberg,John Feinberg,http://www.johnjfeinberg.com/,1,2020-09-09,2020-09-09
John Peltier,JM Peltier Photography,https://www.jmpeltier.com,9,2019-05-15,2020-07-03
Jonathan Fosburgh,Jonathan Fosburgh,https://www.pixtures.co.uk/index.php/browse-photographers-artists/jonathan-fosburgh,1,2021-09-30,2021-09-30
Joni Hirvonen,Joni Hirvonen (Facebook),https://www.facebook.com/joni.hirvonen.9,2,2020-07-29,2020-09-10
Julien Sorosac,juliensorosac_photo (instagram),https://www.instagram.com/juliensorosac_photo/,1,2021-09-30,2021-09-30
Justin Gould,Film Recipes for Fujifilm X-Trans 4 cameras,https://film.recipes/,221,2022-04-19,2024-04-11
K. Adam Christensen,Shifteleven (Flickr:),https://www.flickr.com/photos/shifteleven/,1,2020-04-24,2020-04-24
Kevin Mullins,F16.click,https://www.f16.click/,14,6/19/2018,10/10/2020
Kyle S,thinkingrockphotography (instagram),https://www.instagram.com/thinkingrockphotography/,1,9/30/2021,9/30/2021
Lea Hartman,Lea & Lens,https://leaandlens.com/,3,8/2/2021,8/2/2021
Leovan Spencer Leysa,leovanspencer (instagram),www.instagram.com/leovanspencer/,1,9/30/2021,9/30/2021
Luka Bajone,Luka Bajone (Youtube),https://www.youtube.com/channel/UCED8Xjvu1rkJYM37apsyncg,#N/A,#N/A,#N/A
Luca Peratella,Lukkelo (instagram),https://www.instagram.com/lukkeio/,3,2021-10-01,2021-12-01
Luís Costa,Life Unintended.com,https://lifeunintended.com/,11,2018-08-30,2020-08-05
Marcel Fraij,Marcel Fraij Hemelsteen,https://www.hemelsteen.nl/photography/,18,2021-09-30,2022-10-24
Mar Kevin Cayabyab,Kebs Cayabyab (Youtube),https://www.youtube.com/c/KebsCayabyab,10,2020-07-02,2021-08-26
Manuel Sechi,MANUEL SECHI,https://manuelsechi.com/,1,2018-08-24,2018-08-24
Marcel Fraij,Marcel Fraij Hemelsteen,https://www.hemelsteen.nl/photography/,18,2021-09-30,2022-10-24
Marco Raugei,Landscape and Travel Photography,https://pbase.com/marcoraugei,7,2019-05-07,2019-05-07
Marco Secchi,Marco Secchi Workshop,https://www.msecchi.com,6,2013-12-19,2013-12-19
Mark G. Adams,One Camera One Lens by Mark G Adams,https://onecameraonelens.com/,47,2020-07-18,2022-06-08
Martino Hesse,Martino Hesse (facebook),https://www.facebook.com/groups/462731297942138/user/1267510868/,1,2021-11-25,2021-11-25
Max Elhaik,Max Elhaik (Facebook),https://www.facebook.com/groups/462731297942138/user/1214332855/,1,2022-06-29,2022-06-29
Mehdi Berrada,Unknown,,1,2022-08-11,2022-08-11
Michael Tam,Sunflower in the sky,https://sunflowerinthesky.smugmug.com,10,2019-04-19,2019-04-19
Mike Chudley,Mike Chudley (Youtube),https://www.youtube.com/c/MikeChudley/about,1,2022-11-03,2022-11-03
Noursaid Gamal,gamal.noursaid (Instagram),https://www.instagram.com/gamal.noursaid/,1,2021-07-01,2021-07-01
NZ Digital,NZ Digital,https://nzdigital.blogspot.com,7,2019-08-21,2019-09-19
osanbilgi ,@osanbilgi  (Instagram),,1,2024-02-05,2024-02-05
Øyvind Nordhagen,Øyvind Nordhagen,https://oyvindwashere.medium.com,13,2020-07-19,2022-11-30
Patrick La Roque,La Roque,https://www.laroquephoto.com/blog,2,2016-01-11,2019-10-17
Paul Armstrong,ChromeandMusic (instagram),https://www.instagram.com/chromeandmusic/,1,2021-12-01,2021-12-01
Peter Dareth Evans,Pete takes pictures,https://petetakespictures.com/,7,2017-05-13,2017-05-13
Piotr Skrzypek,Piotr’s Recipes,https://piotrecipes.wordpress.com,44,2020-03-29,2022-08-01
phominh47,phominh47 5reddit),https://www.reddit.com/user/phominh47/,1,2021-08-09,2021-08-09
Quentin Descotte,qdescotte (instagram),https://www.instagram.com/qdescotte/,1,2020-06-26,2020-06-26
Ramiro Vera,ramirovera_ph (instagram),https://www.instagram.com/ramirovera_ph/,1,2021-12-01,2021-12-01
Reggie Ballesteros,Reggie Ballesteros Photography,https://reggiebphotography.com/,3,2021-09-27,2022-06-11
Ričardas Samuilis,unkown,,1,2021-10-01,2021-10-01
Ritchie Roesch,Fuji X Weekly,https://fujixweekly.com/,293,2017-08-27,2023-07-22
River Pascual,River Pascual (facebook),https://www.facebook.com/river1947,1,5/18/2022,5/18/2022
Robert Molin,Robert Molin (Facebook),https://www.facebook.com/robert.molin.7,1,2020-06-25,2020-06-25
Roger Solbakke,rogers_photo_wall (instagram),https://www.instagram.com/rogers_photo_wall/,1,2021-11-01,2021-11-01
Ross,rossandhisjpegs,https://www.youtube.com/@rossandhisjpegs/about,1,2023-02-27,2023-02-27
Sabrina Magnusson,unkown,,1,2022-11-07,2022-11-07
Sebastian Schlüter,Sebastian Schlueter Photography,https://www.sebastian-schlueter.com/blog,1,2017-05-01,2017-05-01
Sergio Villasanojr,SERR,https://serrvillasano.com/,1,2022-03-20,2022-03-20
Sorin Oancea,Sorin Oancea (Facebook),https://www.facebook.com/soso1cea,1,2020-05-06,2020-05-06
SpeedyNeo,SpeedyNeo (DPReveiew forum),https://www.dpreview.com/members/8785767960,1,2020-04-01,2020-04-01
Suhail ra,Suhail ra - SOOC Photographer,https://suhailra440.wixsite.com,2,1899-12-30,1899-12-30
Sylvain Grand'Maison,Sylvain Grand'Maison (Facebook),https://www.facebook.com/sgrandmaison,2,2021-06-18,2021-06-21
The Big Negative,The Big Negative - Film Photography Channel,https://www.youtube.com/channel/UC1pv_b3uXJ0ADdzU4kwVd1Q,2,2021-04-17,2021-04-17
The Creative Camera,The Creative Camera,http://thecreativecamera.co.uk/,1,2021-02-25,2021-02-25
Thomas B. Jones,Die Photologen,https://www.photologen.de/,7,2017-07-30,2018-12-03
Thomas Schwab,effzwo.thommy (Instagram) / blackandwhite.thommy (Instagram),https://www.instagram.com/effzwo.thommy/,13,2020-07-24,2023-03-24
Timothy Scott,Tim Scott (Instagram) timmydubv,https://www.instagram.com/timmydubv/,3,2021-07-13,2022-04-23
Tobias Gruber,tobi_g_photography (Instagram),https://www.instagram.com/tobi_g_photography/,2,2022-12-22,2022-12-31
Tomas Derner,Tdernux Photography,https://www.tdernux.com/recipes,1,2023-01-01,2023-01-01
Tomas Tuoma,Tomas Tuoma (Facebook),https://www.facebook.com/tomas.tuoma/,1,2022-03-19,2022-03-19
Tudor Mateescu,Passion For Photography - Tudor Mateescu,https://tudormateescu.com/,8,2022-03-10,2023-01-01
Tyler Stalman,Tyler Stalman (youtube),https://www.youtube.com/c/stalman,1,2022-09-05,2022-09-05
Ugur Celasun,ugurclsn_film (instagram),https://www.instagram.com/p/CMH4iz5Hzns/,1,2021-10-16,2021-10-16
Veijo Matikainen,Fujigraphy by Veijo Matikainen,https://fujigraphy.home.blog,15,2019-09-18,2020-04-26
Vernon Szalacha,Vernon Szalacha (Facebook),https://www.facebook.com/vernon.lee,5,2020-10-21,2020-10-21
(ETEERNUH),ETEERNUH (youtube),https://www.youtube.com/c/ETEERNUH/about,10,2021-10-26,2022-04-15